[
  {
    "value": "sweetcorn",
    "synonyms": [
      "sweetcorn"
    ]
  },
  {
    "value": "bacon",
    "synonyms": [
      "bacon",
      "bacon pieces",
      "bacon bits",
      "bacon slices"
    ]
  },
  {
    "value": "vegetarian",
    "synonyms": [
      "vegetarian",
      "veggie"
    ]
  },
  {
    "value": "jalapeno",
    "synonyms": [
      "jalapeno",
      "hot peppers"
    ]
  },
  {
    "value": "sausage",
    "synonyms": [
      "sausage"
    ]
  },
  {
    "value": "onion",
    "synonyms": [
      "onion"
    ]
  },
  {
    "value": "ham",
    "synonyms": [
      "ham"
    ]
  },
  {
    "value": "pineapple",
    "synonyms": [
      "pineapple"
    ]
  },
  {
    "value": "chicken",
    "synonyms": [
      "chicken"
    ]
  }
]