[
  {
    "id": "7190262f-8d3f-43d6-a57f-ea88ba6f3485",
    "data": [
      {
        "text": "When do you close?",
        "userDefined": false
      }
    ],
    "isTemplate": false,
    "count": 0,
    "updated": 0
  },
  {
    "id": "de9e7822-76ac-4519-86c8-1098773aaf8b",
    "data": [
      {
        "text": "Are you open ",
        "userDefined": false
      },
      {
        "text": "today",
        "alias": "date-time",
        "meta": "@sys.date-time",
        "userDefined": false
      },
      {
        "text": "?",
        "userDefined": false
      }
    ],
    "isTemplate": false,
    "count": 0,
    "updated": 0
  },
  {
    "id": "05e7b26c-42fc-4635-9df7-b2a107b3694c",
    "data": [
      {
        "text": "Are you open right now?",
        "userDefined": false
      }
    ],
    "isTemplate": false,
    "count": 0,
    "updated": 0
  },
  {
    "id": "b5dd49df-ee21-4d76-a6eb-ff1268fda154",
    "data": [
      {
        "text": "What time do you open?",
        "userDefined": false
      }
    ],
    "isTemplate": false,
    "count": 0,
    "updated": 0
  }
]