[
  {
    "id": "f2ad1032-b899-40f7-993e-a9ea0387b6ff",
    "data": [
      {
        "text": "I want a mutton pizza.",
        "userDefined": false
      }
    ],
    "isTemplate": false,
    "count": 0,
    "updated": 0
  },
  {
    "id": "ab23ecb8-7d05-4919-a452-a90e118160de",
    "data": [
      {
        "text": "I\u0027d like to order a pizza for pickup ",
        "userDefined": false
      },
      {
        "text": "in 30 minutes",
        "alias": "date-time",
        "meta": "@sys.date-time",
        "userDefined": false
      },
      {
        "text": ".",
        "userDefined": false
      }
    ],
    "isTemplate": false,
    "count": 0,
    "updated": 0
  },
  {
    "id": "295a67b2-f36d-4e4f-94a1-cbe25b54aa71",
    "data": [
      {
        "text": "I want a pizza with pepper \u0026 sweetcorn.",
        "userDefined": false
      }
    ],
    "isTemplate": false,
    "count": 0,
    "updated": 0
  },
  {
    "id": "a997e9fa-215e-4b1e-84b7-4077ba51ba1a",
    "data": [
      {
        "text": "I\u0027d like a small pizza with sweetcorn.",
        "userDefined": false
      }
    ],
    "isTemplate": false,
    "count": 0,
    "updated": 0
  },
  {
    "id": "755a2bba-7286-4104-8715-54fb9eba4a74",
    "data": [
      {
        "text": "I want to ordera small pizza with chicken only.",
        "userDefined": false
      }
    ],
    "isTemplate": false,
    "count": 0,
    "updated": 0
  },
  {
    "id": "2143a196-2ba5-4e69-b365-47a65330aa7f",
    "data": [
      {
        "text": "I want to order a cheeze pizza for ",
        "userDefined": false
      },
      {
        "text": "1 pm",
        "alias": "date-time",
        "meta": "@sys.date-time",
        "userDefined": false
      },
      {
        "text": " ",
        "userDefined": false
      },
      {
        "text": "tommorow.",
        "alias": "date-time",
        "meta": "@sys.date-time",
        "userDefined": true
      }
    ],
    "isTemplate": false,
    "count": 0,
    "updated": 0
  },
  {
    "id": "6309e1ab-31e0-4d55-9b98-7737d909d3e3",
    "data": [
      {
        "text": "Can I order a cheeze pizza for  pickup ",
        "userDefined": false
      },
      {
        "text": "today at noon",
        "alias": "date-time",
        "meta": "@sys.date-time",
        "userDefined": false
      },
      {
        "text": "?",
        "userDefined": false
      }
    ],
    "isTemplate": false,
    "count": 0,
    "updated": 0
  }
]